
-- Þetta eru öll gögnin sem ég er með af iceleague.is, ég veit að þetta er ekki mjög vel sett upp gögn en þú getur kannski notað þetta í eitthvað kúl.

-- MySQL dump 10.13  Distrib 5.7.17, for Linux (x86_64)
-- Dumping data for table `eune_champion_mastery`
--

USE iceleague;

LOCK TABLES `eune_champion_mastery` WRITE;
/*!40000 ALTER TABLE `eune_champion_mastery` DISABLE KEYS */;
INSERT INTO `eune_champion_mastery` VALUES (46451,'krusidulli',254,133796,'Vi',51,'Caitlyn',104164,103,'Ahri',32584),(19168905,'CookPoo',61,30648,'Orianna',99,'Lux',27536,43,'Karma',22940),(19536869,'Spee3D',51,43414,'Caitlyn',236,'Lucian',40632,81,'Ezreal',28819),(22343357,'flodeskum',5,33783,'XinZhao',75,'Nasus',22577,122,'Darius',19124),(24601815,'Boosted 2k17',427,190906,'Ivern',19,'Warwick',118602,203,'Kindred',104008),(25556552,'EUW Nimoe',76,131499,'Nidalee',91,'Talon',92853,81,'Ezreal',81725),(25597661,'Álfasteinn',67,116816,'Vayne',18,'Tristana',80744,222,'Jinx',79137),(27467980,'Retro',68,37814,'Rumble',2,'Olaf',15358,104,'Graves',14746),(27957282,'C0veR',236,390744,'Lucian',29,'Twitch',256313,81,'Ezreal',185748),(28265685,'HáusLaus',76,46476,'Nidalee',245,'Ekko',42399,236,'Lucian',33820),(29794771,'GANGBANGER',81,119896,'Ezreal',67,'Vayne',80272,238,'Zed',57895),(30748125,'Njálsson',64,84764,'LeeSin',432,'Bard',75120,412,'Thresh',70378),(30942212,'Seifur',92,101437,'Riven',91,'Talon',40059,64,'LeeSin',36420),(31876491,'MrStebb',432,153464,'Bard',161,'Velkoz',115003,497,'Rakan',81326),(33562890,'supoooro',412,353488,'Thresh',12,'Alistar',228653,201,'Braum',200138),(35826709,'SUPER SAIYAN KYS',119,120118,'Draven',41,'Gangplank',65367,67,'Vayne',36060),(35885489,'ANX HUNTS',412,163729,'Thresh',44,'Taric',93003,43,'Karma',83189),(36839055,'hcneB',412,344613,'Thresh',41,'Gangplank',200178,64,'LeeSin',174572),(36846862,'Eznurr',67,284520,'Vayne',236,'Lucian',126099,429,'Kalista',71571),(37727775,'Smack 56',412,598545,'Thresh',223,'TahmKench',79593,43,'Karma',78553),(37959596,'DiddiDidrix',421,125812,'RekSai',223,'TahmKench',101215,64,'LeeSin',100526),(38284015,'littt',55,68616,'Katarina',35,'Shaco',57615,157,'Yasuo',37354),(39614823,'Kristút',236,222984,'Lucian',202,'Jhin',143155,81,'Ezreal',119998),(39997505,'Indrós',134,215595,'Syndra',112,'Viktor',147746,222,'Jinx',133236),(40360130,'TheVíking',238,211176,'Zed',112,'Viktor',142296,236,'Lucian',140838),(41453750,'Vinur',96,27577,'KogMaw',81,'Ezreal',27380,51,'Caitlyn',24203),(42180799,'KingFlemming',105,201782,'Fizz',238,'Zed',193955,41,'Gangplank',102260),(42605398,'Verzlunarskólinn',67,449024,'Vayne',238,'Zed',255806,236,'Lucian',135551),(44615048,'pepsidoritos',25,96325,'Morgana',53,'Blitzcrank',82779,412,'Thresh',52060),(52641279,'The Great Wall',68,37741,'Rumble',245,'Ekko',23468,57,'Maokai',20517),(52706015,'Thicc Penıs',412,194971,'Thresh',236,'Lucian',138008,53,'Blitzcrank',111015),(53779180,'ISwearSheWasTen',236,47740,'Lucian',67,'Vayne',42498,51,'Caitlyn',25356),(56037341,'Kiddi v2',202,64116,'Jhin',412,'Thresh',49316,236,'Lucian',45856);
/*!40000 ALTER TABLE `eune_champion_mastery` ENABLE KEYS */;
UNLOCK TABLES;

--
-- Dumping data for table `eune_most_played_champions`
--

LOCK TABLES `eune_most_played_champions` WRITE;
/*!40000 ALTER TABLE `eune_most_played_champions` DISABLE KEYS */;
INSERT INTO `eune_most_played_champions` VALUES (46451,'krusidulli',254,'Vi',51,'Caitlyn',104,'Graves'),(19168905,'CookPoo',61,'Orianna',101,'Xerath',59,'JarvanIV'),(19536869,'Spee3D',51,'Caitlyn',81,'Ezreal',236,'Lucian'),(22343357,'flodeskum',126,'Jayce',122,'Darius',31,'Chogath'),(24601815,'Boosted 2k17',427,'Ivern',19,'Warwick',164,'Camille'),(25556552,'EUW Nimoe',91,'Talon',90,'Malzahar',103,'Ahri'),(25597661,'Álfasteinn',67,'Vayne',51,'Caitlyn',29,'Twitch'),(27467980,'Retro',68,'Rumble',57,'Maokai',1,'Annie'),(27957282,'C0veR',202,'Jhin',81,'Ezreal',236,'Lucian'),(28265685,'HáusLaus',245,'Ekko',91,'Talon',126,'Jayce'),(29794771,'GANGBANGER',110,'Varus',64,'LeeSin',122,'Darius'),(30748125,'Njálsson',240,'Kled',68,'Rumble',41,'Gangplank'),(30942212,'Seifur',91,'Talon',92,'Riven',126,'Jayce'),(31876491,'MrStebb',432,'Bard',497,'Rakan',161,'Velkoz'),(33562890,'supoooro',412,'Thresh',12,'Alistar',201,'Braum'),(35826709,'SUPER SAIYAN KYS',119,'Draven',41,'Gangplank',81,'Ezreal'),(35885489,'ANX HUNTS',43,'Karma',412,'Thresh',201,'Braum'),(36839055,'hcneB',41,'Gangplank',104,'Graves',59,'JarvanIV'),(36846862,'Eznurr',67,'Vayne',119,'Draven',236,'Lucian'),(37727775,'Smack 56',412,'Thresh',117,'Lulu',111,'Nautilus'),(37959596,'DiddiDidrix',254,'Vi',421,'RekSai',223,'TahmKench'),(38284015,'littt',55,'Katarina',35,'Shaco',107,'Rengar'),(39614823,'Kristút',236,'Lucian',202,'Jhin',81,'Ezreal'),(39997505,'Indrós',134,'Syndra',112,'Viktor',103,'Ahri'),(40360130,'TheVíking',81,'Ezreal',238,'Zed',236,'Lucian'),(41453750,'Vinur',22,'Ashe',81,'Ezreal',110,'Varus'),(42180799,'KingFlemming',41,'Gangplank',105,'Fizz',157,'Yasuo'),(42605398,'Verzlunarskólinn',67,'Vayne',236,'Lucian',81,'Ezreal'),(44615048,'pepsidoritos',25,'Morgana',53,'Blitzcrank',412,'Thresh'),(52641279,'The Great Wall',126,'Jayce',164,'Camille',79,'Gragas'),(52706015,'Thicc Penıs',40,'Janna',202,'Jhin',412,'Thresh'),(53779180,'ISwearSheWasTen',236,'Lucian',51,'Caitlyn',104,'Graves'),(56037341,'Kiddi v2',202,'Jhin',412,'Thresh',43,'Karma');
/*!40000 ALTER TABLE `eune_most_played_champions` ENABLE KEYS */;
UNLOCK TABLES;

--
-- Dumping data for table `eune_ranked_flex_sr`
--

LOCK TABLES `eune_ranked_flex_sr` WRITE;
/*!40000 ALTER TABLE `eune_ranked_flex_sr` DISABLE KEYS */;
INSERT INTO `eune_ranked_flex_sr` VALUES ('Ahri\'s Lords','GOLD','RANKED_FLEX_SR',46451,'krusidulli','III',69,77,69),('Diana\'s Fists','GOLD','RANKED_FLEX_SR',19168905,'CookPoo','III',33,58,43),('Ryze\'s Vigilantes','SILVER','RANKED_FLEX_SR',19536869,'Spee3D','I',100,26,15),('Nautilus\'s Weaponmasters','BRONZE','RANKED_FLEX_SR',22343357,'flodeskum','IV',93,8,8),('Twitch\'s Slayers','DIAMOND','RANKED_FLEX_SR',24601815,'Boosted 2k17','III',22,82,63),('Twitch\'s Slayers','DIAMOND','RANKED_FLEX_SR',25556552,'EUW Nimoe','II',90,34,19),('Ashe\'s Judicators','PLATINUM','RANKED_FLEX_SR',25597661,'Álfasteinn','I',30,7,4),('Volibear\'s Dragons','GOLD','RANKED_FLEX_SR',27957282,'C0veR','IV',9,59,48),('Ashe\'s Judicators','PLATINUM','RANKED_FLEX_SR',28265685,'HáusLaus','IV',5,11,9),('Kennen\'s Butchers','SILVER','RANKED_FLEX_SR',29794771,'GANGBANGER','V',87,21,12),('Volibear\'s Dragons','GOLD','RANKED_FLEX_SR',30748125,'Njálsson','I',43,10,11),('Twitch\'s Slayers','DIAMOND','RANKED_FLEX_SR',30942212,'Seifur','IV',46,34,22),('Galio\'s Spellslingers','SILVER','RANKED_FLEX_SR',33562890,'supoooro','I',57,51,41),('Ashe\'s Judicators','PLATINUM','RANKED_FLEX_SR',35826709,'SUPER SAIYAN KYS','IV',40,35,19),('Olaf\'s Patriots','SILVER','RANKED_FLEX_SR',35885489,'ANX HUNTS','I',75,97,85),('Graves\'s Dragons','PLATINUM','RANKED_FLEX_SR',36846862,'Eznurr','I',0,9,1),('Warwick\'s Runemasters','SILVER','RANKED_FLEX_SR',37727775,'Smack 56','III',49,38,36),('Ashe\'s Judicators','PLATINUM','RANKED_FLEX_SR',37959596,'DiddiDidrix','V',21,16,15),('Akali\'s Snipers','GOLD','RANKED_FLEX_SR',38284015,'littt','V',74,22,26),('Twitch\'s Slayers','DIAMOND','RANKED_FLEX_SR',39614823,'Kristút','V',25,36,14),('Ashe\'s Judicators','PLATINUM','RANKED_FLEX_SR',39997505,'Indrós','V',22,63,71),('Xin Zhao\'s Sentinels','SILVER','RANKED_FLEX_SR',40360130,'TheVíking','I',71,22,11),('Diana\'s Fists','GOLD','RANKED_FLEX_SR',41453750,'Vinur','III',0,16,15),('Evelynn\'s Brigands','PLATINUM','RANKED_FLEX_SR',42180799,'KingFlemming','V',39,72,86),('Ashe\'s Judicators','PLATINUM','RANKED_FLEX_SR',42605398,'Verzlunarskólinn','I',22,126,116),('Leona\'s Commandos','SILVER','RANKED_FLEX_SR',44615048,'pepsidoritos','II',44,39,47),('Ashe\'s Judicators','PLATINUM','RANKED_FLEX_SR',52706015,'Thicc Penıs','IV',66,82,73),('Volibear\'s Dragons','GOLD','RANKED_FLEX_SR',53779180,'ISwearSheWasTen','I',90,13,3),('Ashe\'s Judicators','PLATINUM','RANKED_FLEX_SR',56037341,'Kiddi v2','IV',40,8,12);
/*!40000 ALTER TABLE `eune_ranked_flex_sr` ENABLE KEYS */;
UNLOCK TABLES;

--
-- Dumping data for table `eune_ranked_flex_tt`
--

LOCK TABLES `eune_ranked_flex_tt` WRITE;
/*!40000 ALTER TABLE `eune_ranked_flex_tt` DISABLE KEYS */;
INSERT INTO `eune_ranked_flex_tt` VALUES ('Varus\'s Enforcers','BRONZE','RANKED_FLEX_TT',27957282,'C0veR','II',85,12,10),('Twisted Fate\'s Shadows','BRONZE','RANKED_FLEX_TT',33562890,'supoooro','IV',100,12,10),('Master Yi\'s Marksmen','PLATINUM','RANKED_FLEX_TT',35826709,'SUPER SAIYAN KYS','III',75,9,4),('Garen\'s Captains','BRONZE','RANKED_FLEX_TT',52706015,'Thicc Penıs','II',41,6,7);
/*!40000 ALTER TABLE `eune_ranked_flex_tt` ENABLE KEYS */;
UNLOCK TABLES;

--
-- Dumping data for table `eune_ranked_solo_5x5`
--

LOCK TABLES `eune_ranked_solo_5x5` WRITE;
/*!40000 ALTER TABLE `eune_ranked_solo_5x5` DISABLE KEYS */;
INSERT INTO `eune_ranked_solo_5x5` VALUES ('Volibear\'s Sorcerers','GOLD','RANKED_SOLO_5x5',46451,'krusidulli','IV',59,155,161),('Jax\'s Exemplars','PLATINUM','RANKED_SOLO_5x5',19168905,'CookPoo','III',83,140,107),('Jax\'s Exemplars','PLATINUM','RANKED_SOLO_5x5',19536869,'Spee3D','III',100,62,37),('Hecarim\'s Destroyers','SILVER','RANKED_SOLO_5x5',22343357,'flodeskum','V',24,23,25),('Galio\'s Brutes','DIAMOND','RANKED_SOLO_5x5',24601815,'Boosted 2k17','III',10,128,111),('Galio\'s Brutes','DIAMOND','RANKED_SOLO_5x5',25556552,'EUW Nimoe','I',47,117,101),('Galio\'s Brutes','DIAMOND','RANKED_SOLO_5x5',25597661,'Álfasteinn','II',3,73,57),('Jax\'s Exemplars','PLATINUM','RANKED_SOLO_5x5',27467980,'Retro','V',76,12,8),('Jax\'s Exemplars','PLATINUM','RANKED_SOLO_5x5',27957282,'C0veR','V',0,234,243),('Galio\'s Brutes','DIAMOND','RANKED_SOLO_5x5',28265685,'HáusLaus','II',96,103,80),('Zed\'s Ninjas','SILVER','RANKED_SOLO_5x5',29794771,'GANGBANGER','IV',42,151,130),('Galio\'s Brutes','DIAMOND','RANKED_SOLO_5x5',30748125,'Njálsson','V',21,151,144),('Galio\'s Brutes','DIAMOND','RANKED_SOLO_5x5',30942212,'Seifur','I',29,170,157),('Malphite\'s Lancers','DIAMOND','RANKED_SOLO_5x5',31876491,'MrStebb','IV',17,188,169),('Karma\'s Dawnbringers','GOLD','RANKED_SOLO_5x5',33562890,'supoooro','IV',19,109,123),('Galio\'s Brutes','DIAMOND','RANKED_SOLO_5x5',35826709,'SUPER SAIYAN KYS','IV',46,161,118),('Warwick\'s Ravagers','SILVER','RANKED_SOLO_5x5',35885489,'ANX HUNTS','II',7,23,32),('Zyra\'s Bandits','PLATINUM','RANKED_SOLO_5x5',36839055,'hcneB','II',0,44,42),('Evelynn\'s Urfriders','DIAMOND','RANKED_SOLO_5x5',36846862,'Eznurr','V',0,46,52),('Shen\'s Commandos','GOLD','RANKED_SOLO_5x5',37727775,'Smack 56','II',30,237,213),('Jax\'s Exemplars','PLATINUM','RANKED_SOLO_5x5',37959596,'DiddiDidrix','I',0,224,219),('Volibear\'s Army','GOLD','RANKED_SOLO_5x5',38284015,'littt','III',37,194,207),('Galio\'s Brutes','DIAMOND','RANKED_SOLO_5x5',39614823,'Kristút','II',75,295,275),('Jax\'s Exemplars','PLATINUM','RANKED_SOLO_5x5',39997505,'Indrós','I',51,36,25),('Jax\'s Exemplars','PLATINUM','RANKED_SOLO_5x5',40360130,'TheVíking','III',61,81,66),('Brand\'s Renegades','PLATINUM','RANKED_SOLO_5x5',41453750,'Vinur','II',24,70,67),('Pantheon\'s Highborn','PLATINUM','RANKED_SOLO_5x5',42180799,'KingFlemming','V',16,145,162),('Galio\'s Brutes','DIAMOND','RANKED_SOLO_5x5',42605398,'Verzlunarskólinn','V',25,172,165),('Kayle\'s Gladiators','SILVER','RANKED_SOLO_5x5',44615048,'pepsidoritos','V',98,16,27),('Jax\'s Exemplars','PLATINUM','RANKED_SOLO_5x5',52641279,'The Great Wall','II',53,30,34),('Galio\'s Brutes','DIAMOND','RANKED_SOLO_5x5',52706015,'Thicc Penıs','V',17,127,101),('Jax\'s Exemplars','PLATINUM','RANKED_SOLO_5x5',53779180,'ISwearSheWasTen','V',65,19,10),('Galio\'s Brutes','DIAMOND','RANKED_SOLO_5x5',56037341,'Kiddi v2','III',20,44,28);
/*!40000 ALTER TABLE `eune_ranked_solo_5x5` ENABLE KEYS */;
UNLOCK TABLES;

--
-- Dumping data for table `eune_ranked_stats`
--

LOCK TABLES `eune_ranked_stats` WRITE;
/*!40000 ALTER TABLE `eune_ranked_stats` DISABLE KEYS */;
INSERT INTO `eune_ranked_stats` VALUES (46451,'krusidulli',0,461,229,232,3187,67043904,11658308,24,50585,265,30,3,0,0,3135,5834029,0,528,52651172,11045842,0,4491,24,16),(19168905,'CookPoo',0,348,150,198,2593,42698455,8074338,26,47988,233,30,3,0,0,2241,4254377,0,360,16956852,24136665,0,3468,26,17),(19536869,'Spee3D',0,148,52,96,1265,23966856,3273264,22,27062,170,19,4,0,0,866,2024992,0,252,18650878,4366654,0,1352,22,18),(22343357,'flodeskum',0,69,35,34,508,7914961,1981424,17,8160,45,4,0,0,0,515,838006,0,81,4299036,3295252,0,666,17,17),(24601815,'Boosted 2k17',0,390,175,215,2280,66428850,9910901,22,36411,187,21,3,0,0,2049,4428405,0,311,20262819,16704055,0,3800,22,14),(25556552,'EUW Nimoe',0,271,120,151,2091,31567903,5646930,29,40359,184,31,6,1,0,1382,3237010,0,226,17251784,13177454,0,1953,29,15),(25597661,'Álfasteinn',0,140,60,80,1010,21863520,2745618,24,27596,137,22,4,1,0,754,1788396,0,229,18667404,2273766,0,1044,24,13),(27467980,'Retro',0,26,9,17,134,2967099,646106,10,4070,8,0,0,0,0,177,311625,0,18,390380,2555822,0,281,10,12),(27957282,'C0veR',0,607,302,305,4603,88625259,11774453,26,114883,565,87,19,4,0,3075,7938403,0,948,74381394,11805818,0,5337,26,13),(28265685,'HáusLaus',0,203,89,114,1601,28242166,4251354,22,32663,174,20,0,0,0,1023,2564486,0,250,14214866,13263382,0,1726,22,11),(29794771,'GANGBANGER',0,316,142,174,2658,42548171,9028089,32,40367,308,62,9,3,0,2814,4007313,0,460,30635517,10368558,0,2356,32,22),(30748125,'Njálsson',0,308,147,161,1632,39183625,7764695,20,50243,116,16,4,0,0,1694,3604813,0,266,20618016,17521541,0,2654,20,13),(30942212,'Seifur',0,382,178,204,3027,52411417,9783141,27,60969,267,38,6,1,0,2710,4720672,0,454,34172897,16839636,0,2542,27,19),(31876491,'MrStebb',0,355,167,188,1082,11998641,5635918,12,10263,43,2,0,0,0,1600,3455625,0,124,3866817,7290418,0,4363,12,12),(33562890,'supoooro',0,347,175,172,642,12113662,7815959,16,17428,37,1,0,0,0,1644,3469672,0,104,3579117,7140394,0,5185,16,13),(35826709,'SUPER SAIYAN KYS',0,346,141,205,2877,56034811,7542270,25,61958,368,63,9,0,0,1983,4806597,0,440,48711413,6071317,0,2819,25,14),(35885489,'ANX HUNTS',0,237,117,120,1068,16693437,5329954,20,19105,73,8,1,1,0,1549,2590064,0,139,6141972,9657036,0,2816,20,16),(36839055,'hcneB',0,93,44,49,641,17633957,2311101,20,11878,56,6,3,1,0,445,1271742,0,74,15383704,1500019,0,984,20,10),(36846862,'Eznurr',0,109,54,55,830,15844170,2138990,20,20112,104,16,4,1,0,639,1408969,0,141,12860608,2402404,0,750,20,17),(37727775,'Smack 56',0,525,249,276,1730,30348603,13476012,18,36872,96,6,2,1,0,3926,5672817,0,311,12950829,16211560,0,8413,18,18),(37959596,'DiddiDidrix',0,477,235,242,2552,60288953,13818374,22,34354,166,20,5,0,0,3358,5483567,0,347,33491585,17063519,0,4955,22,17),(38284015,'littt',0,447,230,217,4023,66812750,12562373,33,60696,400,64,13,2,0,3600,5960585,0,355,41666428,22565741,0,3295,33,19),(39614823,'Kristút',0,618,286,332,3741,95301060,14005562,23,104267,403,54,14,2,0,3362,7607271,0,793,69425024,20543445,0,4660,23,18),(39997505,'Indrós',0,195,96,99,1741,29705764,4423388,26,34339,216,33,6,2,0,1484,2567094,0,187,9015975,19675960,0,1475,26,23),(40360130,'TheVíking',0,182,78,104,1173,22966170,3885953,19,30052,123,9,1,1,0,875,2203118,0,238,14741172,7902168,0,1746,19,13),(41453750,'Vinur',0,168,82,86,996,23153968,3715571,18,29898,97,13,3,1,0,1062,2077764,0,278,17298525,5426957,0,1496,18,13),(42180799,'KingFlemming',0,464,247,217,3566,78251559,12394955,30,74077,316,44,10,0,0,3078,6219891,0,469,51966374,23505633,0,3637,30,16),(42605398,'Verzlunarskólinn',0,584,282,302,4161,82315261,13327220,25,88746,480,70,10,1,0,4176,7281093,0,656,56241255,22973152,0,4495,25,18),(44615048,'pepsidoritos',0,131,74,57,481,10712764,2949419,13,11100,28,2,1,0,0,877,1525901,0,79,4969087,5288623,0,1466,13,15),(52641279,'The Great Wall',0,70,35,35,464,8556734,1547686,17,10977,37,4,1,0,0,348,810249,0,76,4372467,3875551,0,481,17,10),(52706015,'Thicc Penıs',0,395,180,215,1999,40163837,8692298,27,42492,222,35,6,2,0,2334,4532467,0,381,25696284,11552803,0,4374,27,17),(53779180,'ISwearSheWasTen',0,45,13,32,353,6664857,905548,18,8067,45,5,2,1,0,241,599444,0,89,5699737,763915,0,403,18,13),(56037341,'Kiddi v2',0,92,40,52,438,8254901,1737073,21,10372,43,4,0,0,0,424,1032713,0,80,5888392,2166108,0,1133,21,13);
/*!40000 ALTER TABLE `eune_ranked_stats` ENABLE KEYS */;
UNLOCK TABLES;

--
-- Dumping data for table `eune_summoners`
--

LOCK TABLES `eune_summoners` WRITE;
/*!40000 ALTER TABLE `eune_summoners` DISABLE KEYS */;
INSERT INTO `eune_summoners` VALUES (46451,'krusidulli',589,30),(19168905,'CookPoo',522,30),(19536869,'Spee3D',517,30),(22343357,'flodeskum',1597,30),(24601815,'Boosted 2k17',1601,30),(25556552,'EUW Nimoe',1601,30),(25597661,'Álfasteinn',971,30),(27467980,'Retro',916,30),(27957282,'C0veR',1479,30),(28265685,'HáusLaus',898,30),(29794771,'GANGBANGER',1644,30),(30748125,'Njálsson',978,30),(30942212,'Seifur',508,30),(31876491,'MrStebb',25,30),(33562890,'supoooro',1469,30),(35826709,'SUPER SAIYAN KYS',7,30),(35885489,'ANX HUNTS',743,30),(36839055,'hcneB',559,30),(36846862,'Eznurr',606,30),(37727775,'Smack 56',1341,30),(37959596,'DiddiDidrix',1377,30),(38284015,'littt',1426,30),(39614823,'Kristút',674,30),(39997505,'Indrós',2076,30),(40360130,'TheVíking',1614,30),(41453750,'Vinur',764,30),(42180799,'KingFlemming',773,30),(42605398,'Verzlunarskólinn',1601,30),(44615048,'pepsidoritos',907,30),(52641279,'The Great Wall',1407,30),(52706015,'Thicc Penıs',1631,30),(53779180,'ISwearSheWasTen',776,30),(56037341,'Kiddi v2',1102,30);
/*!40000 ALTER TABLE `eune_summoners` ENABLE KEYS */;
UNLOCK TABLES;

--
-- Dumping data for table `euw_champion_mastery`
--

LOCK TABLES `euw_champion_mastery` WRITE;
/*!40000 ALTER TABLE `euw_champion_mastery` DISABLE KEYS */;
INSERT INTO `euw_champion_mastery` VALUES (19309837,'Nimoe',76,172042,'Nidalee',91,'Talon',118393,103,'Ahri',89410),(21226309,'IS1e91df35e73220',236,78598,'Lucian',18,'Tristana',68248,81,'Ezreal',63621),(31047927,'Kainzors',115,157801,'Ziggs',67,'Vayne',79368,61,'Orianna',67796),(32000955,'The illustrator ',157,136504,'Yasuo',202,'Jhin',55534,81,'Ezreal',41565),(34947343,'smartnamehere',67,66582,'Vayne',18,'Tristana',61278,429,'Kalista',59151),(43937764,'Veggurinn',57,95821,'Maokai',150,'Gnar',69180,79,'Gragas',53657),(44664854,'Icelandic Legend',92,84367,'Riven',64,'LeeSin',31355,91,'Talon',20799),(77727098,'Tagl',236,23042,'Lucian',222,'Jinx',20805,51,'Caitlyn',18003),(86619103,'ZoGNtar',268,50256,'Azir',61,'Orianna',35543,134,'Syndra',34281),(89987210,'Mathemagician',51,287296,'Caitlyn',236,'Lucian',199078,222,'Jinx',184774),(89987236,'Ban Gragas',254,173706,'Vi',72,'Skarner',129563,110,'Varus',119758);
/*!40000 ALTER TABLE `euw_champion_mastery` ENABLE KEYS */;
UNLOCK TABLES;

--
-- Dumping data for table `euw_most_played_champions`
--

LOCK TABLES `euw_most_played_champions` WRITE;
/*!40000 ALTER TABLE `euw_most_played_champions` DISABLE KEYS */;
INSERT INTO `euw_most_played_champions` VALUES (19309837,'Nimoe',91,'Talon',103,'Ahri',90,'Malzahar'),(21226309,'IS1e91df35e73220',51,'Caitlyn',67,'Vayne',110,'Varus'),(31047927,'Kainzors',115,'Ziggs',202,'Jhin',51,'Caitlyn'),(32000955,'The illustrator ',29,'Twitch',81,'Ezreal',157,'Yasuo'),(34947343,'smartnamehere',51,'Caitlyn',67,'Vayne',29,'Twitch'),(43937764,'Veggurinn',68,'Rumble',3,'Galio',79,'Gragas'),(44664854,'Icelandic Legend',92,'Riven',91,'Talon',126,'Jayce'),(77727098,'Tagl',222,'Jinx',51,'Caitlyn',236,'Lucian'),(86619103,'ZoGNtar',61,'Orianna',134,'Syndra',412,'Thresh'),(89987210,'Mathemagician',51,'Caitlyn',236,'Lucian',22,'Ashe'),(89987236,'Ban Gragas',254,'Vi',18,'Tristana',19,'Warwick');
/*!40000 ALTER TABLE `euw_most_played_champions` ENABLE KEYS */;
UNLOCK TABLES;

--
-- Dumping data for table `euw_ranked_flex_sr`
--

LOCK TABLES `euw_ranked_flex_sr` WRITE;
/*!40000 ALTER TABLE `euw_ranked_flex_sr` DISABLE KEYS */;
INSERT INTO `euw_ranked_flex_sr` VALUES ('Shen\'s Deceivers','DIAMOND','RANKED_FLEX_SR',19309837,'Nimoe','V',40,21,17),('Riven\'s Commanders','PLATINUM','RANKED_FLEX_SR',21226309,'IS1e91df35e73220','V',84,8,8),('Zyra\'s Berserkers','GOLD','RANKED_FLEX_SR',31047927,'Kainzors','V',46,8,6),('Riven\'s Commanders','PLATINUM','RANKED_FLEX_SR',34947343,'smartnamehere','II',37,14,12),('Riven\'s Commanders','PLATINUM','RANKED_FLEX_SR',43937764,'Veggurinn','III',55,14,10),('Riven\'s Commanders','PLATINUM','RANKED_FLEX_SR',44664854,'Icelandic Legend','II',75,17,11),('Graves\'s Rogues','GOLD','RANKED_FLEX_SR',77727098,'Tagl','III',8,38,31),('Sona\'s Sentries','DIAMOND','RANKED_FLEX_SR',89987210,'Mathemagician','V',36,39,40),('Syndra\'s Bandits','DIAMOND','RANKED_FLEX_SR',89987236,'Ban Gragas','V',69,49,54);
/*!40000 ALTER TABLE `euw_ranked_flex_sr` ENABLE KEYS */;
UNLOCK TABLES;

--
-- Dumping data for table `euw_ranked_flex_tt`
--

LOCK TABLES `euw_ranked_flex_tt` WRITE;
/*!40000 ALTER TABLE `euw_ranked_flex_tt` DISABLE KEYS */;
INSERT INTO `euw_ranked_flex_tt` VALUES ('Teemo\'s Exemplars','GOLD','RANKED_FLEX_TT',89987210,'Mathemagician','I',0,7,4),('Teemo\'s Exemplars','GOLD','RANKED_FLEX_TT',89987236,'Ban Gragas','I',0,7,4);
/*!40000 ALTER TABLE `euw_ranked_flex_tt` ENABLE KEYS */;
UNLOCK TABLES;

--
-- Dumping data for table `euw_ranked_solo_5x5`
--

LOCK TABLES `euw_ranked_solo_5x5` WRITE;
/*!40000 ALTER TABLE `euw_ranked_solo_5x5` DISABLE KEYS */;
INSERT INTO `euw_ranked_solo_5x5` VALUES ('Graves\'s Inquisitors','DIAMOND','RANKED_SOLO_5x5',19309837,'Nimoe','II',44,103,78),('Zyra\'s Rogues','PLATINUM','RANKED_SOLO_5x5',31047927,'Kainzors','IV',14,211,187),('Nidalee\'s Outriders','DIAMOND','RANKED_SOLO_5x5',32000955,'The illustrator ','IV',0,61,55),('Leona\'s Scouts','DIAMOND','RANKED_SOLO_5x5',34947343,'smartnamehere','V',18,35,35),('Leona\'s Scouts','DIAMOND','RANKED_SOLO_5x5',43937764,'Veggurinn','V',0,44,38),('Leona\'s Scouts','DIAMOND','RANKED_SOLO_5x5',44664854,'Icelandic Legend','III',100,136,117),('Leona\'s Scouts','DIAMOND','RANKED_SOLO_5x5',86619103,'ZoGNtar','III',61,152,141),('Kha\'Zix\'s Rogues','PLATINUM','RANKED_SOLO_5x5',89987210,'Mathemagician','I',0,122,129),('Lee Sin\'s Soldiers','DIAMOND','RANKED_SOLO_5x5',89987236,'Ban Gragas','V',73,161,159);
/*!40000 ALTER TABLE `euw_ranked_solo_5x5` ENABLE KEYS */;
UNLOCK TABLES;

--
-- Dumping data for table `euw_ranked_stats`
--

LOCK TABLES `euw_ranked_stats` WRITE;
/*!40000 ALTER TABLE `euw_ranked_stats` DISABLE KEYS */;
INSERT INTO `euw_ranked_stats` VALUES (19309837,'Nimoe',0,219,95,124,1668,23972072,4636332,24,30877,148,13,0,0,0,1129,2578409,0,150,14323661,8685204,0,1662,24,16),(21226309,'IS1e91df35e73220',0,23,15,8,155,3495144,491961,21,3783,20,3,1,1,0,147,270736,0,24,2434504,371167,0,188,21,12),(31047927,'Kainzors',0,412,193,219,2751,59604385,6624899,21,73563,277,37,2,0,0,1915,5137799,0,752,30541997,26375415,0,3215,21,14),(32000955,'The illustrator ',0,118,56,62,696,15687267,2177516,17,19224,76,17,2,0,0,515,1376202,0,145,10908405,3687953,0,755,17,13),(34947343,'smartnamehere',0,96,47,49,743,13758827,1952592,28,18110,107,20,1,0,0,553,1228151,0,156,12361300,985245,0,782,28,12),(43937764,'Veggurinn',0,107,48,59,627,14016703,2460064,15,17984,59,9,2,1,0,481,1247156,0,98,5474201,8006279,0,794,15,11),(44664854,'Icelandic Legend',0,280,127,153,1923,38868945,6890577,22,43264,157,12,4,0,0,2120,3362872,0,314,26388852,11653536,0,1832,22,18),(77727098,'Tagl',0,73,34,39,678,12956311,1574510,27,15731,93,20,4,0,0,457,1065240,0,132,10574915,2093049,0,694,27,12),(86619103,'ZoGNtar',0,295,142,153,1126,29677721,5714331,17,40223,80,7,0,0,0,1427,3184222,0,211,6544462,22613278,0,2746,17,14),(89987210,'Mathemagician',0,341,173,168,2039,48533688,6295289,21,65849,232,29,1,0,0,1770,4237216,0,516,42213219,5399503,0,2739,21,14),(89987236,'Ban Gragas',0,434,217,217,1982,53454871,11100325,18,28540,140,10,3,0,0,1972,4764219,0,390,39203785,11245462,0,3390,18,13);
/*!40000 ALTER TABLE `euw_ranked_stats` ENABLE KEYS */;
UNLOCK TABLES;

--
-- Dumping data for table `euw_summoners`
--

LOCK TABLES `euw_summoners` WRITE;
/*!40000 ALTER TABLE `euw_summoners` DISABLE KEYS */;
INSERT INTO `euw_summoners` VALUES (19309837,'Nimoe',1645,30),(21226309,'IS1e91df35e73220',21,30),(31047927,'Kainzors',664,30),(32000955,'The illustrator ',1097,30),(34947343,'smartnamehere',21,30),(37964746,'Marri',590,30),(43937764,'Veggurinn',579,30),(44664854,'Icelandic Legend',654,30),(77727098,'Tagl',774,30),(86619103,'ZoGNtar',1601,30),(89987210,'Mathemagician',1633,30),(89987236,'Ban Gragas',579,30);
/*!40000 ALTER TABLE `euw_summoners` ENABLE KEYS */;
UNLOCK TABLES;

--
-- Dumping data for table `na_champion_mastery`
--

LOCK TABLES `na_champion_mastery` WRITE;
/*!40000 ALTER TABLE `na_champion_mastery` DISABLE KEYS */;
INSERT INTO `na_champion_mastery` VALUES (22928703,'Riot Hjarta',40,508989,'Janna',412,'Thresh',272615,432,'Bard',166236);
/*!40000 ALTER TABLE `na_champion_mastery` ENABLE KEYS */;
UNLOCK TABLES;

--
-- Dumping data for table `na_most_played_champions`
--

LOCK TABLES `na_most_played_champions` WRITE;
/*!40000 ALTER TABLE `na_most_played_champions` DISABLE KEYS */;
INSERT INTO `na_most_played_champions` VALUES (22928703,'Riot Hjarta',267,'Nami',43,'Karma',432,'Bard');
/*!40000 ALTER TABLE `na_most_played_champions` ENABLE KEYS */;
UNLOCK TABLES;

--
-- Dumping data for table `na_ranked_flex_sr`
--

LOCK TABLES `na_ranked_flex_sr` WRITE;
/*!40000 ALTER TABLE `na_ranked_flex_sr` DISABLE KEYS */;
INSERT INTO `na_ranked_flex_sr` VALUES ('Ahri\'s Soldiers','PLATINUM','RANKED_FLEX_SR',22928703,'Riot Hjarta','II',0,6,4);
/*!40000 ALTER TABLE `na_ranked_flex_sr` ENABLE KEYS */;
UNLOCK TABLES;

--
-- Dumping data for table `na_ranked_flex_tt`
--

LOCK TABLES `na_ranked_flex_tt` WRITE;
/*!40000 ALTER TABLE `na_ranked_flex_tt` DISABLE KEYS */;
/*!40000 ALTER TABLE `na_ranked_flex_tt` ENABLE KEYS */;
UNLOCK TABLES;

--
-- Dumping data for table `na_ranked_solo_5x5`
--

LOCK TABLES `na_ranked_solo_5x5` WRITE;
/*!40000 ALTER TABLE `na_ranked_solo_5x5` DISABLE KEYS */;
INSERT INTO `na_ranked_solo_5x5` VALUES ('Fizz\'s Captains','DIAMOND','RANKED_SOLO_5x5',22928703,'Riot Hjarta','V',0,58,76);
/*!40000 ALTER TABLE `na_ranked_solo_5x5` ENABLE KEYS */;
UNLOCK TABLES;

--
-- Dumping data for table `na_ranked_stats`
--

LOCK TABLES `na_ranked_stats` WRITE;
/*!40000 ALTER TABLE `na_ranked_stats` DISABLE KEYS */;
INSERT INTO `na_ranked_stats` VALUES (22928703,'Riot Hjarta',0,146,81,65,369,6175540,2866125,19,5207,17,1,1,0,0,734,1365952,0,40,2804344,3039427,0,1822,19,15);
/*!40000 ALTER TABLE `na_ranked_stats` ENABLE KEYS */;
UNLOCK TABLES;

--
-- Dumping data for table `na_summoners`
--

LOCK TABLES `na_summoners` WRITE;
/*!40000 ALTER TABLE `na_summoners` DISABLE KEYS */;
INSERT INTO `na_summoners` VALUES (22928703,'Riot Hjarta',1631,30);
/*!40000 ALTER TABLE `na_summoners` ENABLE KEYS */;
UNLOCK TABLES;

-- Dump completed on 2017-06-03 22:22:10
